k,allowed_size,density,geno_ns_per_id,geno_repairs_per_id,rejection_trials_per_id,rejection_measured,rejection_ns_per_id,speedup_vs_geno
1,128,0.5,555.5,0.494,1.99,true,25.8,1.99
1,64,0.25,538.2,0.757,3.768,true,52.8,3.768
1,32,0.125,526.8,0.876,7.68,true,118.6,7.68
1,16,0.0625,497.5,0.935,15.86,true,157.6,15.86
1,8,0.03125,496.6,0.972,33.64,true,225.6,33.64
1,4,0.015625,505.1,0.983,64.53,true,627.4,64.53
1,2,0.0078125,471.7,0.991,132,true,944,132
1,1,0.00390625,516.7,0.996,235,true,1376.2,235
2,128,0.5,983.3,1.007,4.084,true,73,4.054
2,64,0.25,928.5,1.501,16.15,true,277.6,10.76
2,32,0.125,1011.3,1.749,61.85,true,627,35.37
2,16,0.0625,899.5,1.87,260.1,true,2774.6,139.1
2,8,0.03125,848.3,1.933,1050,true,7433,543.4
2,4,0.015625,842.6,1.972,3959,true,37155,2008
2,2,0.0078125,900.6,1.986,15780,true,116219.4,7946
2,1,0.00390625,920.2,1.991,65540,false,,32910
3,128,0.5,1411.6,1.49,7.602,true,179.8,5.1
3,64,0.25,1672.8,2.254,62.09,true,1030.6,27.55
3,32,0.125,1983,2.622,526.4,true,11880.8,200.8
3,16,0.0625,1279.3,2.812,4041,true,43269.4,1437
3,8,0.03125,1451.7,2.905,32770,false,,11280
3,4,0.015625,1585.8,2.954,262100,false,,88750
3,2,0.0078125,1467,2.977,2097000,false,,704500
3,1,0.00390625,1306.4,2.99,16780000,false,,5611000
4,128,0.5,1919.7,2,17.11,true,355,8.553
4,64,0.25,1878.9,2.993,240.3,true,4081.6,80.31
4,32,0.125,1853.5,3.496,4153,true,41863.8,1188
4,16,0.0625,1828.9,3.748,65540,false,,17480
4,8,0.03125,1731.8,3.873,1049000,false,,270700
4,4,0.015625,1687.7,3.938,16780000,false,,4260000
4,2,0.0078125,2306.8,3.97,268400000,false,,67620000
4,1,0.00390625,1758.4,3.985,4295000000,false,,1078000000
6,128,0.5,3026.5,3.001,62.37,true,1665.6,20.79
6,64,0.25,2818.4,4.494,4199,true,70754.6,934.5
6,32,0.125,2868.1,5.255,262100,false,,49890
6,16,0.0625,2584.5,5.62,16780000,false,,2985000
6,8,0.03125,2475.5,5.811,1074000000,false,,184800000
6,4,0.015625,2530.1,5.901,68720000000,false,,11650000000
6,2,0.0078125,2848.2,5.95,4398000000000,false,,739200000000
6,1,0.00390625,2466.5,5.977,281500000000000,false,,47100000000000